Cluster,AD_beta,PD_beta,FTD_beta,ALS_beta,n_genes,dominant_disease,pan_score,config_id,min_cluster_size,silhouette
Cluster 0,-0.06810771940539934,0.041978590913407415,0.03333914833547907,-0.0012091908949452847,1099,neutral,0.0015002072371354653,min40_cfg7,40,-0.12146690487861633
Cluster 1,0.007571127648893172,-0.0026909746515900944,0.008135168720445486,-0.009689958050254209,110,neutral,0.0008313409168735886,min40_cfg7,40,-0.12146690487861633
Cluster 2,0.0033310039954244576,-0.0008267765675691916,-0.0032347017586467565,-0.0033267650267859977,69,neutral,-0.001014309839394372,min40_cfg7,40,-0.12146690487861633
Cluster 3,-2.9523414818392474e-09,-0.0039393427703944784,0.0016391279081709735,0.0027492341563402586,3397,neutral,0.00011225408544381804,min40_cfg7,40,-0.12146690487861633
