Cluster,AD_beta,PD_beta,FTD_beta,ALS_beta,n_genes,dominant_disease,pan_score,config_id,min_cluster_size,silhouette
Cluster 0,-0.0260316981337867,-0.02829863349382608,-0.05002072390095335,-0.0488972152770387,37,neutral,-0.038312067701401206,min35_cfg6,35,-0.08140689134597778
Cluster 1,-0.06768746992462295,0.041412953294288374,0.032635996096902,-0.0014344121957808223,1191,neutral,0.001231766817696651,min35_cfg6,35,-0.08140689134597778
Cluster 2,0.0062520273674797145,-0.0014704006039191475,-0.002834566125139475,7.616803365868046e-05,585,neutral,0.0005058071680199432,min35_cfg6,35,-0.08140689134597778
Cluster 3,0.007935481684652218,-0.0028048743846584376,0.008186463574227504,-0.007692152427105009,109,neutral,0.0014062296117790688,min35_cfg6,35,-0.08140689134597778
Cluster 4,0.005471466335562105,-0.0006066066390539197,-0.0031456167786534234,-0.00016133654002838916,72,neutral,0.0003894765944565932,min35_cfg6,35,-0.08140689134597778
Cluster 5,-0.0007791068590983031,-0.0043349402298694575,0.0022697795076268013,0.0023456322377344513,3145,neutral,-0.00012465883590162693,min35_cfg6,35,-0.08140689134597778
