Cluster,AD_beta,PD_beta,FTD_beta,ALS_beta,n_genes,dominant_disease,pan_score,config_id,min_cluster_size,silhouette
Cluster 0,0.008606642428093121,-0.0028837088281298507,0.009110645238509444,-0.013827402552068538,107,neutral,0.00025154407160104435,min50_cfg8,50,0.074956975877285
Cluster 1,0.0002509380793698141,-0.003911186218931894,0.0014844554483213214,0.0021109937969941645,3820,neutral,-1.6199723561648475e-05,min50_cfg8,50,0.074956975877285
Cluster 2,-0.06846839593442333,0.04220278711253381,0.033353886341541183,-0.0015470380332568954,1056,neutral,0.001385309871598691,min50_cfg8,50,0.074956975877285
