Cluster,AD_beta,PD_beta,FTD_beta,ALS_beta,n_genes,dominant_disease,pan_score,config_id,min_cluster_size,silhouette
Cluster 0,-0.003527282442607163,0.0064640870829311215,-0.008600070555885332,0.20031101850190913,29,ALS,0.04866193814658694,min20_cfg3,20,-0.2548907697200775
Cluster 1,-0.013071973119901638,0.004405992172578778,0.006663404771037215,-0.0003884965554203504,6347,neutral,-0.0005977681829264985,min20_cfg3,20,-0.2548907697200775
