Cluster,AD_beta,PD_beta,FTD_beta,ALS_beta,n_genes,dominant_disease,pan_score,config_id,min_cluster_size,silhouette
Cluster 0,-0.026440758957498225,-0.022853638145793224,-0.04502501972971456,-0.04894661842314437,49,neutral,-0.0358165088140376,min30_cfg5,30,0.010112211108207703
Cluster 1,-0.06775976710625738,0.04155611249662014,0.03286718280242399,-0.001266695363668505,1184,neutral,0.0013492082072795622,min30_cfg5,30,0.010112211108207703
Cluster 2,0.007224734234013944,-0.0024789782204071966,-0.0015136366069795394,0.002922354671236702,973,neutral,0.0015386185194659775,min30_cfg5,30,0.010112211108207703
Cluster 3,0.006845128103381922,-0.007119654699562965,0.00012118639671933441,-0.0009097790830159419,232,neutral,-0.00026577982061941276,min30_cfg5,30,0.010112211108207703
Cluster 4,0.005351405060680676,-0.0005114611589009902,-0.0030101868174817786,-0.002133987677998969,70,neutral,-7.605764842526545e-05,min30_cfg5,30,0.010112211108207703
Cluster 5,0.007957848393878078,-0.0030176158585827765,0.009727774172746935,-0.008359719002822378,110,neutral,0.0015770719263049648,min30_cfg5,30,0.010112211108207703
Cluster 6,-0.0027038133144679844,-0.004076461651038394,0.003040355681844675,0.0021313862447650683,2453,neutral,-0.0004021332597241589,min30_cfg5,30,0.010112211108207703
