Cluster,AD_beta,PD_beta,FTD_beta,ALS_beta,n_genes,dominant_disease,pan_score,config_id,min_cluster_size,silhouette
Cluster 0,-0.0043787090565281135,0.007094637691114684,-0.006535383414321138,0.1925587102202822,30,ALS,0.04718481386013691,min15_cfg2,15,-0.2551623284816742
Cluster 1,-0.013044232126281205,0.004382132030635538,0.006651016818982712,-0.0003738538273670933,6349,neutral,-0.000596234276007512,min15_cfg2,15,-0.2551623284816742
