Cluster,AD_beta,PD_beta,FTD_beta,ALS_beta,n_genes,dominant_disease,pan_score,config_id,min_cluster_size,silhouette
Cluster 0,-0.003527282442607163,0.0064640870829311215,-0.008600070555885332,0.20031101850190913,29,ALS,0.04866193814658694,min25_cfg4,25,-0.25504425168037415
Cluster 1,-0.013093279223090547,0.00441577468189468,0.006681192358538718,-0.0003651887128481966,6347,neutral,-0.0005903752238763364,min25_cfg4,25,-0.25504425168037415
