Cluster,AD_beta,PD_beta,FTD_beta,ALS_beta,n_genes,dominant_disease,pan_score,config_id,min_cluster_size,silhouette
Cluster 0,-0.003527282442607163,0.0064640870829311215,-0.008600070555885332,0.20031101850190913,29,ALS,0.04866193814658694,min10_cfg1,10,-0.25524792075157166
Cluster 1,-0.013039387114994434,0.004406087637342471,0.006646034016425823,-0.00041569620428655947,6353,neutral,-0.0006007404163781751,min10_cfg1,10,-0.25524792075157166
